,Age - Bins-value,Age - Bins-alias,SUM(Pop Benchmark - Age)-alias,AGG(COVID-19 Doses Administered)-alias,AGG(Pop % Complete - Age)-value,AGG(Pop % Complete - Age)-alias,AGG(Pop Size - Age)-alias
0,85+,85+,937.8796,43022,0.2913950646911284,0.2913950646911284,133423.6736
1,75-84,75-84,6554.0696,86924,0.1773293925557334,0.1773293925557334,461474.54079999996
2,65-74,65-74,13302.4038,133827,0.197459415203662,0.197459415203662,608362.9888
3,55-64,55-64,16535.318799999997,122122,0.1060666830512261,0.1060666830512261,828695.6608
4,45-54,45-54,11779.407000000001,98655,0.0907289535517415,0.0907289535517415,730770.0288000001
5,35-44,35-44,12523.021200000001,101979,0.0883033986829771,0.0883033986829771,751579.2256
6,25-34,25-34,13140.728799999999,97628,0.075699255880187,0.075699255880187,823799.3792
7,15-24,15-24,4264.0465,32927,0.028539504700353,0.028539504700353,792585.584
